Tên sản phẩm,Hình ảnh
Cà phê Hòa tan NESCAFÉ CAFÉ SỮA ĐÁ Nhân đôi sánh quyện,https://thf.bing.com/th/id/OIP.Z_1lhonU7hQUibE1h3ERDAHaHa?w=209&h=209&c=7&r=0&o=7&cb=thfc1falcon2&dpr=1.3&pid=1.7&rm=3
Sữa dinh dưỡng tiệt trùng không đường Dutch Lady,https://thfvnext.bing.com/th/id/OIP.jRzO4a83yoj9KkaT2KI_HwHaFj?w=251&h=188&c=7&r=0&o=7&cb=thfvnextfalcon3&dpr=1.3&pid=1.7&rm=3
"hạt nêm meizan thịt, xương ống, tủy, cà rốt",https://thfvnext.bing.com/th/id/OIP.-qpracljaw7O8W9vbitmtQHaHa?w=211&h=211&c=7&r=0&o=7&cb=thfvnextfalcon2&dpr=1.3&pid=1.7&rm=3
Khoai Lang Mật Đà Lạt (Mật nghệ),https://tse1.explicit.bing.net/th/id/OIP.8ilx2rcHrqe-UbuxcnHi5AHaFJ?r=0&cb=thfvnextfalcon3&rs=1&pid=ImgDetMain&o=7&rm=3
Sữa tươi tiệt trùng có đường Dutch Lady,https://cdnv2.tgdd.vn/bhx-static/bhx/Products/Images/2386/201934/bhx/thung-12-hop-sua-tuoi-tiet-trung-dutch-lady-active-co-duong-1-lit_202504211609496561.jpg
Bàn Chải Đánh Răng Colgate 360 Charcoal Spiral,https://tse2.mm.bing.net/th/id/OIP.PrZHXnLqs5pXcug4oj65HwHaHa?r=0&cb=thfvnextfalcon3&rs=1&pid=ImgDetMain&o=7&rm=3
mì trộn miliket hương vị chua cay chanh,https://tse3.mm.bing.net/th/id/OIP.suiXdOhHHsY8fWa9zr_aRwHaHa?pid=Api&P=0&h=180
sữa tiệt trùng dutch lady không đường,https://cdnv2.tgdd.vn/bhx-static/bhx/Products/Images/2386/76865/bhx/sua-tt-cghl-lat-1l_202504211536530181.jpg
kem đánh răng colgate muối than hoạt tính,https://encrypted-tbn0.gstatic.com/images?q=tbn:ANd9GcRHnsDpavndY3423gHBxNyCbgKdXQwL9w5c0A&s
Cá Basa Fillet Đông Lạnh Không Da CP,https://tse1.mm.bing.net/th/id/OIP.DjXQ67yr4z6tzyOCbsrK-QHaHa?r=0&cb=thfvnextfalcon3&rs=1&pid=ImgDetMain&o=7&rm=3
kẹo dynamite bạc hà nhân socola,https://thfvnext.bing.com/th/id/OIP.8_tFimFaC5Q5rjXbeItywQHaHa?w=211&h=211&c=7&r=0&o=7&cb=thfvnextfalcon3&dpr=1.3&pid=1.7&rm=3
Xương cá hồi tươi cấp đông Hoàng Hải,https://newfreshfoods.com.vn/datafiles/3/2021-01-08/16804941724460_xuong-ca-hoi-nauy-new-fresh-thuc-pham-nhap-khau.jpg
Sữa Chua Lên Men Đào Dalat Milk Cool C,https://thfvnext.bing.com/th/id/OIP.VkyHb9kPLIIfsrndHljAwQHaHa?w=191&h=191&c=7&r=0&o=7&cb=thfvnextfalcon2&dpr=1.3&pid=1.7&rm=3
Xà Lách Thủy Tinh Thủy Canh Đà Lạt,https://thf.bing.com/th/id/OIP.CzPK5xbJLhyS66xNcmfyOQHaHa?w=205&h=205&c=7&r=0&o=7&cb=thfc1falcon&dpr=1.3&pid=1.7&rm=3
mì trộn miliket hương vị carbonara,https://www.lottemart.vn/media/catalog/product/cache/300x300/8/9/8934579301393-1.jpg
Nước chấm Nam Ngư Siêu Tiết Kiệm,https://cdnv2.tgdd.vn/bhx-static/bhx/Products/Images/2289/338708/bhx/nuoc-cham-nam-ngu-sieu-tiet-kiem-chai-800ml_202510061352138337.jpg
Dầu Gội Tóc Chắc Khỏe Romano Grandiose,https://thfvnext.bing.com/th/id/OIP.4ijfnnLmwYmSxWvNsVHC2wHaFj?w=210&h=180&c=7&r=0&o=7&cb=thfvnextfalcon3&dpr=1.3&pid=1.7&rm=3
Mì Trộn Miliket Vị Chua Cay Chanh,https://thf.bing.com/th/id/OIP.suiXdOhHHsY8fWa9zr_aRwHaHa?w=186&h=186&c=7&r=0&o=7&cb=thfc1falcon&dpr=1.3&pid=1.7&rm=3
Chả Giò Da Xốp Nhân Thịt Đức Việt,https://phi.emartmall.com.vn/image/cache/catalog/products/8935101608478/8935101608478-600x600.jpg
Rượu Soju Rice+ hương Vải,https://thfvnext.bing.com/th/id/OIP.t1eOZQrDSpHQoXs3E48NtAHaFj?w=283&h=212&c=7&r=0&o=7&cb=thfvnextfalcon3&dpr=1.3&pid=1.7&rm=3
Mì Ký Miliket Có Gia Vị Vắt Túi,https://thf.bing.com/th/id/OIP.URxLo-vvsFGWIB9SlvEYKgHaHa?w=199&h=199&c=7&r=0&o=7&cb=thfc1falcon&dpr=1.3&pid=1.7&rm=3
Kim Chi Cải Thảo Cắt Lát Bibigo,https://thf.bing.com/th/id/OIP.aEQ6g5zI9VVFpbwilhMkLQHaHa?w=169&h=180&c=7&r=0&o=7&cb=thfc1falcon&dpr=1.3&pid=1.7&rm=3
Chả Giò Da Xốp Hải Sản Đức Việt,https://thfvnext.bing.com/th/id/OIP.oEioQNDrMIFPPgBNcCU4RAHaHa?w=172&h=180&c=7&r=0&o=7&cb=thfvnextfalcon2&dpr=1.3&pid=1.7&rm=3
Miếng rửa chén 2 lớp Samran dura-tough,https://cdn.fast.vn/tmp/20200919065851-mieng-rua-chen-2-lop-samran-dura-tough-1.jpg
Bàn chải đánh răng bảo vệ 123,https://thfvnext.bing.com/th/id/OIP.W-pfpl8hV4gPdg0NMFh-vgHaHa?w=178&h=180&c=7&r=0&o=7&cb=thfvnextfalcon3&dpr=1.3&pid=1.7&rm=3
hộp sữa chua ăn ít đường Nutimilk,https://thfvnext.bing.com/th/id/OIP.MB55ebE11n0KGvqfrMysIQHaFj?w=245&h=184&c=7&r=0&o=7&cb=thfvnextfalcon3&dpr=1.3&pid=1.7&rm=3
Sữa tươi tiệt trùng,https://thfvnext.bing.com/th/id/OIP.r66bZv6muxddaq1PjPrL6wHaHa?w=177&h=180&c=7&r=0&o=7&cb=thfvnextfalcon2&dpr=1.3&pid=1.7&rm=3
Mì 3 Miền Gold Tôm Chua Cay Đặc Biệt,https://cdn.tgdd.vn/Products/Images/2565/96215/bhx/mi-3-mien-gold-tom-chua-cay-dac-biet-goi-75g-202004171750052898.jpg
Gia Vị Nấu Sẵn Aji Quick Thịt Kho,https://thfvnext.bing.com/th/id/OIP.HKH2sXp2mj3yAU1XxWwOXAHaHa?w=199&h=199&c=7&r=0&o=7&cb=thfvnextfalcon3&dpr=1.3&pid=1.7&rm=3
Mì Koreno Jumbo Vị Kim Chi,https://down-vn.img.susercontent.com/file/vn-11134207-7r98o-logikoicybqr0d
Kẹo bò sữa Jack n Jill Lush,https://cdn.tgdd.vn/Products/Images/7199/77803/bhx/keo-sua-bo-jack-n-jill-140g-201812061404045141.jpg
tàu hũ trắng ichi-sakuara (cb),https://www.lottemart.vn/media/catalog/product/cache/400x400/8/9/8936000750206-1.jpg
soda shweppes lon sleek,https://product.hstatic.net/1000246697/product/thung-24-lon-soda-schweppes-320ml-202303111639132344_98d2c2a6daca4ef2b433b47ec1ef88af_master.jpg
sáp thơm glade hương lavender,https://product.hstatic.net/200000352097/product/sap-thom-glade-huong-hoa-oai-huong-180g-161122-055735-600x600_037ee6fb60ee458d86dbcf696cff3f4f_grande.jpg
Pate gan 3 Bông Mai Vissan,https://thfvnext.bing.com/th/id/OIP.TgU4Ajkh3IVSMcX3UdUc3QAAAA?w=182&h=182&c=7&r=0&o=7&cb=thfvnextfalcon2&dpr=1.3&pid=1.7&rm=3
Mì Koreno Jumbo Cay 7 Cấp,https://thf.bing.com/th/id/OIP.K7iEKcaD4lJWGIchcr6LuQHaHa?w=213&h=213&c=7&r=0&o=7&cb=thfc1falcon&dpr=1.3&pid=1.7&rm=3
cam sành,https://thf.bing.com/th/id/OIP.Zo69xsILIcShpca3mnGaeQHaJ4?w=133&h=180&c=7&r=0&o=7&cb=thfc1falcon&dpr=1.3&pid=1.7&rm=3
Nấm đùi gà baby nội địa Trung,https://thf.bing.com/th/id/OIP.INIrhvfZgJR4rTuwydbB8QHaHa?w=211&h=211&c=7&r=0&o=7&cb=thfc1falcon2&dpr=1.3&pid=1.7&rm=3
Kim Chi Cải Thảo HQ Foods,https://thf.bing.com/th/id/OIP.Hcmzt8t54Rqumv3vempjngHaHa?w=181&h=181&c=7&r=0&o=7&cb=thfc1falcon2&dpr=1.3&pid=1.7&rm=3
Sáp Khử Mùi 72H Romano Classic,https://thfvnext.bing.com/th/id/OIP.It2132dohXgnW2ghObDFxQHaHa?w=176&h=180&c=7&r=0&o=7&cb=thfvnextfalcon3&dpr=1.3&pid=1.7&rm=3
Mì Xào Hảo Hảo Vị Tôm Xào Chua Ngọt,https://thf.bing.com/th/id/OIP.XLsiQvMCWjL4shBFD9M8mwHaHa?w=174&h=180&c=7&r=0&o=7&cb=thfc1falcon&dpr=1.3&pid=1.7&rm=3
Kim chi Cải thảo cắt lát Đức Việt,https://thf.bing.com/th/id/OIP.5mEiF4RyIdXj9pLBXwSeQAHaHa?w=195&h=195&c=7&r=0&o=7&cb=thfc1falcon&dpr=1.3&pid=1.7&rm=3
Bơ Thực Vật Cao Cấp Meizan,https://thf.bing.com/th/id/OIP.A7xd387hjJzaUVWa5e64rAHaFj?w=282&h=212&c=7&r=0&o=7&cb=thfc1falcon2&dpr=1.3&pid=1.7&rm=3
Pate Thịt Heo 3 Bông Mai,https://down-vn.img.susercontent.com/file/26ce8a867a59bb3d9d7c4f58043a2f5b
tương ớt nosafood,https://thfvnext.bing.com/th/id/OIP.mC-2w5jD6v_nByG0_s-bXwHaHa?w=187&h=187&c=7&r=0&o=7&cb=thfvnextfalcon2&dpr=1.3&pid=1.7&rm=3
Tương ớt chua ngọt Cholimex,https://cdn.tgdd.vn/Products/Images/2567/82717/bhx/tuong-ot-chua-ngot-270g-2-org.jpg
Sữa Đặc Ngôi Sao Phương Nam,https://thf.bing.com/th/id/OIP.o-uNowz4_tql1B0c12jYOQHaHa?w=174&h=180&c=7&r=0&o=7&cb=thfc1falcon2&dpr=1.3&pid=1.7&rm=3
Sáp vuốt tóc Romano Matte,https://thfvnext.bing.com/th/id/OIP.A1WWBPPMetq2NROTx09N8AHaFj?w=283&h=212&c=7&r=0&o=7&cb=thfvnextfalcon3&dpr=1.3&pid=1.7&rm=3
Nước tăng lực Monster,https://down-vn.img.susercontent.com/file/vn-11134207-7ra0g-m8q1v7jyppac36
nấm kim châm nội địa Trung,https://thf.bing.com/th/id/OIP.cmK9co2_BSRkCRr9fragwgHaHa?w=187&h=188&c=7&r=0&o=7&cb=thfc1falcon2&dpr=1.3&pid=1.7&rm=3
Bánh Mandu Thịt Bibigo,https://sala.emartmall.com.vn/image/cache/catalog/products/8934717401305/8934717401305-2410-600x600.jpg
đầu cá hồi salar làm sạch,https://cdn.tgdd.vn/Products/Images/8782/313925/bhx/dau-ca-hoi-lam-sach-202405072323368687.jpg
Xúc xích xông khói WYN HOTTT,https://cdnv2.tgdd.vn/bhx-static/bhx/Products/Images/7618/359526/bhx/xuc-xich-xong-khoi-hottt-g-kitchen-goi-450g_202511211321386161.jpg
tăng lực sting dâu,https://thf.bing.com/th/id/OIP.zCuodJLbAxq9LMWQiOKOggHaHa?w=183&h=183&c=7&r=0&o=7&cb=thfc1falcon2&dpr=1.3&pid=1.7&rm=3
miến tươi song long,https://tse2.mm.bing.net/th/id/OIP.OQlNNH1QzQmYfOW8tZcEiwHaHa?pid=Api&P=0&h=180
Gà dai da giòn hàn quốc,"https://img.tgdd.vn/imgt/bhx/f_webp,fit_outside,quality_90/https://cdnv2.tgdd.vn/bhx-static/bhx/production/2026/1/image/Products/Images/8790/362561/bhx/ga-dai-han-quoc-nhap-khau-tui-1-con-clone_202601291007255114.jpg"
ớt khô sa tế cholimex,https://thfvnext.bing.com/th/id/OIP.1LGhnOZsvovKipjgqvhtmgHaFj?w=265&h=199&c=7&r=0&o=7&cb=thfvnextfalcon3&dpr=1.3&pid=1.7&rm=3
Pate Thịt Heo Vissan,https://thfvnext.bing.com/th/id/OIP.bgMRqwKSs8OnJP1nx-38dwHaFj?w=253&h=190&c=7&r=0&o=7&cb=thfvnextfalcon3&dpr=1.3&pid=1.7&rm=3
Keo nến,https://thfvnext.bing.com/th/id/OIP.2w1835eGdt88N1SXvEmJSgHaHa?w=196&h=196&c=7&r=0&o=7&cb=thfvnextfalcon3&dpr=1.3&pid=1.7&rm=3
tỏi tím trung quốc,https://cdnv2.tgdd.vn/bhx-static/bhx/Products/Images/8785/309135/bhx/toi-tim-trung-quoc-200g_202508080954515115.jpg
tiêu đen xay dh foods,https://thfvnext.bing.com/th/id/OIP.Oezzw9nCMJQKN2jl_KOibQHaHa?w=186&h=186&c=7&r=0&o=7&cb=thfvnextfalcon2&dpr=1.3&pid=1.7&rm=3
Sữa đậu nành Fami,https://www.lottemart.vn/media/catalog/product/cache/0x0/8/9/8934614021736-1.jpg.webp
Cá Saba Nguyên con Đông Lạnh,https://thf.bing.com/th/id/OIP.hoxSgUDwd_Y35OMi1BzpwwHaHa?w=165&h=180&c=7&r=0&o=7&cb=thfc1falcon2&dpr=1.3&pid=1.7&rm=3
bánh gạo nhật ichi,https://cdn.tgdd.vn/Products/Images/3361/83120/bhx/banh-gao-nhat-ichi-100gam-2-700x467.jpg
Mì Xào Hảo Hảo Vị Hải Sản,https://thf.bing.com/th/id/OIP.ubhjvXVCuabE6jy33cG-MwHaFw?w=205&h=180&c=7&r=0&o=7&cb=thfc1falcon&dpr=1.3&pid=1.7&rm=3
Tương ớt Cholimex,https://down-vn.img.susercontent.com/file/2948e0f135cd1a6c63d4c0513468742f
Tỏi tím Trung Quốc,https://cdnv2.tgdd.vn/bhx-static/bhx/Products/Images/8785/309135/bhx/toi-tim-trung-quoc-200g_202508080921418554.jpg
lẩu thái cholimex,https://down-vn.img.susercontent.com/file/83ccf6be3890f9e0252f07c0974d58f7
bia sài gòn lager,https://cdn.tgdd.vn/Products/Images/2282/158346/bhx/bia-sai-gon-lager-330ml-202110111039276926.jpg
Dầu Ăn Happi Koki,https://tse1.mm.bing.net/th/id/OIP.lhCCaIAhiG7ni5s1ALY2iwHaHa?r=0&cb=thfvnextfalcon3&rs=1&pid=ImgDetMain&o=7&rm=3
Cây lau kính màu cam 3 in 1,https://thfvnext.bing.com/th/id/OIP.yGqG35FUudYzkwaX1NyRrwHaHa?w=194&h=194&c=7&r=0&o=7&cb=thfvnextfalcon3&dpr=1.3&pid=1.7&rm=3
Giấm táo Ottogi,https://cdn.tgdd.vn/Products/Images/3465/222056/bhx/giam-tao-ottogi-chai-450ml-202407051639120222.jpg
Đậu xanh cà Xuân Hồng,
chanh không hạt,https://www.lottemart.vn/media/catalog/product/cache/0x0/0/4/0400300630004-2.jpg.webp
7 Up vị chanh,https://thf.bing.com/th/id/OIP.dNtunki4wh-k5-WuKn5pnwHaHa?w=186&h=186&c=7&r=0&o=7&cb=thfc1falcon2&dpr=1.3&pid=1.7&rm=3
Trứng vịt bắc thảo,https://cdn.tgdd.vn/Products/Images/8783/311103/bhx/trung-vit-bac-thao-hop-4-qua-giao-ngau-nhien-thuong-hieu-202404161147549457.jpg
ớt xay sông hương,https://product.hstatic.net/1000288770/product/_t_xay_s_ng_h__ng_h__200g_f603d10df1984cc593bafbcf85e120ea.jpg
Ớt Sa tế Cholimex,https://thf.bing.com/th/id/OIP.weFaFj19NXfmWJNiY2Rs_QHaHa?w=183&h=183&c=7&r=0&o=7&cb=thfc1falcon2&dpr=1.3&pid=1.7&rm=3
Kẹo gum Xylytol,https://thfvnext.bing.com/th/id/OIP.1NksRqLxi4TZZBoKiB4e3AHaHa?w=184&h=184&c=7&r=0&o=7&cb=thfvnextfalcon2&dpr=1.3&pid=1.7&rm=3
Bột khoai Xuân Hồng,
bắp mỹ tách hạt,https://cdnv2.tgdd.vn/bhx-static/bhx/Products/Images/8785/299768/bhx/bap-my-tach-hat-khay-250g_202510221657358391.jpg
ức gà phi lê có da,"https://img.tgdd.vn/imgt/bhx/f_webp,fit_outside,quality_90/https://cdnv2.tgdd.vn/bhx-static/bhx/production/2026/5/image/Products/Images/8790/222942/bhx/uc-ga-phi-le-co-da-tui-1kg_202605251501137868.jpg"
Quýt giống Úc,https://cdnv2.tgdd.vn/bhx-static/bhx/Products/Images/8788/341537/bhx/quyt-giong-uc-800g_202510271507098873.jpg
kẹo kopiko cappucinno,https://www.lottemart.vn/media/catalog/product/cache/0x0/8/9/8996001320136.jpg.webp
giá mầm sạch,https://cdn.tgdd.vn/Products/Images/8820/227717/bhx/gia-dau-xanh-goi-300g-202205181640375021.jpg
chuối già giống nam mỹ,https://cdnv2.tgdd.vn/bhx-static/bhx/Products/Images/8788/313132/bhx/chuoi-gia-giong-nam-my-1kg_202504121342178972.jpg
Thanh Long Ruột Trắng,https://thf.bing.com/th/id/OIP.wfSBu6Mh2RHtiEAXUnffIgHaE5?w=258&h=180&c=7&r=0&o=7&cb=thfc1falcon2&dpr=1.3&pid=1.7&rm=3
dưa leo,https://sala.emartmall.com.vn/image/cache/catalog/products/8936117052002/8936117052002-2502-600x600.jpg
dầu ăn orchid,https://thfvnext.bing.com/th/id/OIP.ENXMk5jLlbkbwpHgPY8HFAHaHa?w=195&h=195&c=7&r=0&o=7&cb=thfvnextfalcon2&dpr=1.3&pid=1.7&rm=3
Ba rọi rút sườn,https://cdnv2.tgdd.vn/bhx-static/bhx/production/2026/1/image/production/2026/1/image/Products/8781/275804/ba-roi-heo-nhap-khau_202601271408564481.jpg
Hành lá khoảng,https://cdn.tgdd.vn/Products/Images/8820/271492/bhx/hanh-la-100g-202401101351257640.jpg
ngò gai-rau om,https://cdnv2.tgdd.vn/bhx-static/bhx/Products/Images/8820/309145/bhx/ngo-gai-rau-om-50g_202505051612437087.jpg
Thanh long ruột đỏ,https://encrypted-tbn0.gstatic.com/images?q=tbn:ANd9GcQs5KKNTiLT6wK5ntxMNUBeIteZY4oXtkHTNw&s
húng quế,https://cdn.tgdd.vn/Products/Images/8820/299256/bhx/rau-hung-que-goi-100g-202212090838565509.jpg
đậu cove,https://storage.googleapis.com/sc_pcm_product/prod/2024/6/20/411972-379863.jpg
Chả cá ba sa,https://cdn.tgdd.vn/Products/Images/8782/285036/bhx/cha-ca-basa-tuoi-goi-200gr-202207200833508492.jpg
Bún tươi,https://cdn.tgdd.vn/Products/Images/9340/229768/bhx/bun-tuoi-ba-khanh-goi-500g-202010302128571384.jpg
Rau mồng tơi,https://thf.bing.com/th/id/OIP.r39YvlQ7uBXdOLI7JX-U4AHaHa?w=184&h=184&c=7&r=0&o=7&cb=thfc1falcon2&dpr=1.3&pid=1.7&rm=3
Nấm Bào Ngư Trắng,https://thf.bing.com/th/id/OIP.Zjq6uUHvPHU8Jjm9UZWobQHaFN?w=274\&h=192\&c=7\&r=0\&o=7\&cb=thfc1falcon2\&dpr=1.3\&pid=1.7\&rm=3
mít thái xẻ miếng,https://cdn.tgdd.vn/Products/Images/8788/298741/bhx/mit-thai-tui-1kg-202211241330418971.jpg
Má đùi gà cắt sẵn,https://cdnv2.tgdd.vn/bhx-static/bhx/production/2026/1/image/Products/Images/8790/232930/bhx/ma-dui-ga-cat-san-tui-500g_202601081047556861.jpg
khổ qua,https://cdnv2.tgdd.vn/bhx-static/bhx/Products/Images/8785/291352/bhx/kho-qua-khay-500g-3-5-trai_202508200922517500.jpg
Bột báng,https://cdn.tgdd.vn/Products/Images/3235/242626/bhx/bot-bang-vietfresh-goi-100g-202106220849544762.jpg
Vịt,
Thịt nạc heo C.P,https://cdnv2.tgdd.vn/bhx-static/bhx/production/2026/1/image/production/2026/1/image/Products/8781/226842/nac-dam-heo-1kg_202601201321146489.jpg
Thịt đùi heo C.P,https://bizweb.dktcdn.net/100/516/090/products/thi-t-du-i-heo-tu-o-i-56e4b0e1-0bdc-436c-afc9-89656328e9e8.png?v=1733804196363
sườn cốt lết c.p,https://nguyenkhoifarm.com/wp-content/uploads/2023/06/S%C6%B0%E1%BB%9Dn-c%E1%BB%91t-l%E1%BA%BFt2.jpg
Ổi Đài Loan,https://cdnv2.tgdd.vn/bhx-static/bhx/Products/Images/8788/226921/bhx/cdntgddvnproductsimages8788226918bhxoi-dai-loan-trai-tu-220g-tro-len-202404171044184111_202502101020276341.jpg
Ức gà có xương,https://cdn.tgdd.vn/Products/Images/8790/222888/bhx/uc-ga-co-xuong-202405241349502844.jpg
táo ninh thuận,https://product.hstatic.net/1000288770/product/t_o_xanh_ninh_thu_n_kho_ng_quy_c_ch_23_-_30_tr_i_m_i_kg_1_master.jpg
ớt chuông,https://thf.bing.com/th/id/OIP.oMZTxkSB7GMPc95PRlYN6gHaHa?w=183&h=183&c=7&r=0&o=7&cb=thfc1falcon2&dpr=1.3&pid=1.7&rm=3
đùi gà góc tư,https://tse4.mm.bing.net/th/id/OIP.g4nVt1S3hETvlEFSkbVeXwHaFj?pid=Api&P=0&h=180
gà vườn đất đỏ,https://cdn.tgdd.vn/Products/Images/8790/316860/bhx/ga-vuon-dat-do-202402271114030531.jpg
Rau muống hạt,https://cdn.tgdd.vn/Products/Images/8820/223334/bhx/rau-muong-hat-baby-goi-300g-202205190827141069.jpg
bắp cải trắng,https://cdn.tgdd.vn/Products/Images/8785/275316/bhx/bap-cai-trang-tui-500gr-1-bap-202205201654554145.jpg
Thịt xay c.p,https://cdnv2.tgdd.vn/bhx-static/bhx/production/2026/1/image/production/2026/1/image/Products/8781/283165/thit-heo-xay-cp-khay-200g_202601080925233931.jpg
ớt xiêm xanh,https://cdn.tgdd.vn/Products/Images/8820/292789/bhx/ot-xiem-xanh-goi-50g-202210041506197556.jpg
nạc thăn c.p,https://cphanoi.vn/wp-content/uploads/2024/03/thit-than-heo.jpg
mận an phước,https://file.hstatic.net/200000385233/file/man-an-phuoc-30_8c751c36318847b99b64116d47203055_grande.jpg
Đậu bắp,https://cdnv2.tgdd.vn/bhx-static/bhx/Products/Images/8785/271743/bhx/dau-bap-khay-250g-10-12-trai_202510231547405013.jpg
Cà chua beef,https://product.hstatic.net/200000423303/product/ca-chua-beef-huu-co_c78e7c53d66b46b288318569f3866694_1024x1024.jpg
Bầu sao trái,https://cdn.tgdd.vn/Products/Images/8785/278286/bhx/bau-sao-trai-500g-600g-202205201651191146.jpg
Bắp cải thảo,https://cdn.tgdd.vn/Products/Images/8785/233982/bhx/bap-cai-thao-202312271131129709.jpg
củ cải trắng,https://thfvnext.bing.com/th/id/OIP.Q_QDtlCNXcLJb70MuwBBwQHaHa?w=198&h=198&c=7&r=0&o=7&cb=thfvnextfalcon3&dpr=1.3&pid=1.7&rm=3
Vé xem phim,
Sting,https://tse1.mm.bing.net/th/id/OIP.vtfvhNDHkC2mXXq1aR335gHaHa?pid=Api&P=0&h=180
Mì gà sợi phở Gấu Đỏ,https://encrypted-tbn2.gstatic.com/shopping?q=tbn:ANd9GcQXi8cKhhmLSHbMmIzzR2fsvmbFnOu1ECC8Z4bzukfbU7ZmUFibxdYbE6T00VNo8IVDJNM3UQgmLS17pvGqzo062ZkGek6-FnIfHR7TQnYzD_W44JI5y5HY8cD2qTbfeA&usqp=CAc
Dưa hấu đỏ,https://cdn.abphotos.link/photos/resized/1024x/2022/10/11/1665481742_zBeR91PDZWlcvAgE_1665489920-phpfmg173.png
Cánh tỏi gà,https://cdnv2.tgdd.vn/bhx-static/bhx/production/2026/1/image/production/2026/1/image/Products/8790/233798/canh-toi-ga-1kg_202601081057018747.jpg
Cà rốt,https://thucphamnhanh.com/wp-content/uploads/2020/10/ca-rot-da-lat-loai-1kg.jpg
mướp hương,https://thf.bing.com/th/id/OIP.o2a7VIGd4qu0LXOW2r4OHwHaFj?w=241&h=181&c=7&r=0&o=7&cb=thfc1falcon2&dpr=1.3&pid=1.7&rm=3
Mì Gấu Đỏ Tôm Gà,https://cdn.tgdd.vn/Products/Images/2565/80187/bhx/mi-gau-do-tom-va-ga-goi-63g-202209150833324481.jpg
Mì indomine,https://filebroker-cdn.lazada.vn/kf/S325d9d25f7134fe88eb211f1e38c7a12p.jpg
đùi tỏi gà,https://cdn.tgdd.vn/Products/Images/8790/226876/bhx/dui-toi-ga-khay-500g-4-6-dui-202111261915313915.jpg
Đu đủ vàng,https://cdn.tgdd.vn/Products/Images/8788/244443/bhx/du-du-vang-202312251343512912.jpg
Mì hảo hảo,https://images2.thanhnien.vn/Uploaded/ngocthanh/2015_02_10/haohao_14_CYSP.jpg?width=500
Đường Cát,
7UP,https://tse4.mm.bing.net/th/id/OIP.DFKIjID2pmzXSZOWTg963QHaHa?pid=Api&P=0&h=180
Lê Ki Ma,https://thf.bing.com/th/id/OIP.pFOKty7yFpVLnjkFjmGSuAHaEL?w=297&h=180&c=7&r=0&o=7&cb=thfc1falcon2&dpr=1.3&pid=1.7&rm=3
Xương gà,https://cdn.tgdd.vn/Products/Images/8790/321679/bhx/xuong-ga-emivest-500g-202401252152538623.jpg
Xoài keo,https://www.lottemart.vn/media/catalog/product/cache/0x0/2/2/2276880000005.jpg.webp
trái tắc,https://cdn.tgdd.vn/Products/Images/8820/281523/bhx/tac-trai-tui-200g-202205201627437340.jpg
Tôm viên,https://cdn.tgdd.vn/Products/Images/7170/305752/bhx/tom-vien-fcook-goi-200g-202304152006283903.jpg
Nước lọc,
Hành tím,https://tse3.mm.bing.net/th/id/OIP.qkY0bjPQi_fa7I4HofUZSAHaEo?pid=Api&P=0&h=180
hành tây,https://bloggiamgia.edu.vn/wp-content/uploads/2024/04/cu-hanh-tay-8-loi-ich-suc-khoe-an-tuong-ban-can-phai-biet-den_662af55820208.webp
Cải thìa,https://file.hstatic.net/1000394081/file/cai-thia-tuoi-ngon_8fc23448ea8b4336b8e408cc991ece32.jpg
Cải ngọt,https://cdnv2.tgdd.vn/bhx-static/bhx/Products/Images/8820/335195/bhx/cai-ngot-tui-400gr_202505081547532010.jpg
Ớt hiểm,https://lh3.googleusercontent.com/Ix0okSyJJGwsQwGTSxbPE92symlB8L0L3Y9GprYKQwfH-Fgc0L5RIWcrV23JR705j3p8LVNEiAgi6p0PqquQ-68_SoRxxyPpVA
Cá viên,https://vn.images.search.yahoo.com/images/view;_ylt=Awr1QjPblSZqCWMnkvxtUwx.;_ylu=c2VjA3NyBHNsawNpbWcEb2lkAzdlM2M2M2Y4ZjcxYzZkNTY2ODNkMGE4Y2RkOTU0OTA4BGdwb3MDNQRpdANiaW5n?back=https%3A%2F%2Fvn.images.search.yahoo.com%2Fsearch%2Fimages%3Fp%3DC%25C3%25A1%2Bvi%25C3%25AAn%2B200g%26ei%3DUTF-8%26type%3DE210VN1357G0%26fr%3Dmcafee%26fr2%3Dp%253As%252Cv%253Ai%252Cm%253Asb-top%26tab%3Dorganic%26ri%3D5&w=1024&h=768&imgurl=cdn.tgdd.vn%2FProducts%2FImages%2F7170%2F309415%2Fbhx%2Fca-vien-fcook-hoa-doanh-200g-202407240955451343.jpg&rurl=https%3A%2F%2Fwww.bachhoaxanh.com%2Fca-vien-bo-vien%2Fca-vien-fcook-hoa-doanh-goi-200g&size=365KB&p=C%C3%A1+vi%C3%AAn+200g&oid=7e3c63f8f71c6d56683d0a8cdd954908&fr2=p%3As%2Cv%3Ai%2Cm%3Asb-top&fr=mcafee&tt=C%C3%A1+vi%C3%AAn+Fcook+Hoa+Doanh+g%C3%B3i+200g+t%E1%BA%A1i+B%C3%A1ch+h%C3%B3a+XANH&b=0&ni=160&no=5&ts=&tab=organic&sigr=9Yr.jE.Mhh_E&sigb=f13YV6jMLEkH&sigi=OTg1N7EONe5U&sigt=0A7Wv3Wgc8fx&.crumb=s2sHb19ocEe&fr=mcafee&fr2=p%3As%2Cv%3Ai%2Cm%3Asb-top&type=E210VN1357G0
bầu sao,https://cdnv2.tgdd.vn/bhx-static/bhx/Products/Images/8785/233898/bhx/bau-sao-tui-1kg_202508111310313768.jpg
Sả cây,https://storage.googleapis.com/sc_pcm_product/prod/2023/11/14/17906-92750.jpg
Bơ 034,https://thf.bing.com/th/id/OIP.mnmGzPzK7zhbV5WoEBtO-gHaFg?w=242&h=180&c=7&r=0&o=7&cb=thfc1falcon2&dpr=1.3&pid=1.7&rm=3
Trứng,https://vfarm.vn/vnt_upload/product/03_2021/TRUNG_GA_TUOI.jpg
Su su,https://bizweb.dktcdn.net/100/447/072/products/qua-su-su-sapa-570x421.jpg?v=1685674649377
Khóm,https://thfvnext.bing.com/th/id/OIP.7_VT6Atdkj-9D2yUZj5FSwHaE8?w=237&h=180&c=7&r=0&o=7&cb=thfvnextfalcon2&dpr=1.3&pid=1.7&rm=3
Bí đỏ,https://thfvnext.bing.com/th/id/OIP.Kkfv3Q8tgFPAXuSHDqVsVQAAAA?w=169&h=180&c=7&r=0&o=7&cb=thfvnextfalcon2&dpr=1.3&pid=1.7&rm=3
Test,
Gừng,https://thfvnext.bing.com/th/id/OIP.0-HqlK-BqSR9VJbM6FheRgHaHa?w=182&h=182&c=7&r=0&o=7&cb=thfvnextfalcon2&dpr=1.3&pid=1.7&rm=3
Giấy,
Vim,https://thf.bing.com/th/id/OIP.k7QixZ1bJBfUnyrf9DoMqgHaHe?w=193&h=195&c=7&r=0&o=7&cb=thfc1falcon2&dpr=1.3&pid=1.7&rm=3
Pin,
Gạo,https://cdn.tgdd.vn/Products/Images/2513/282956/bhx/gao-thom-thien-nhat-tui-5kg-202404080942443453.jpg
Bia Tiger lon cao,https://cdnv2.tgdd.vn/bhx-static/bhx/Products/Images/2282/316846/bhx/httpscdnv2tgddvnbhx-staticbhxproductsimages2282316846bhxlon-330ml-1202412031318226970_202412040935166288.jpg
Nước ngọt 7UP soda chanh,https://product.hstatic.net/200000352097/product/nuoc-ngot-soda-chanh-7-up-lon-320ml-202308160842302847_982557337db7435985ab5321053f7c52_1024x1024.jpg
Mì 3 miền,https://down-my.img.susercontent.com/file/my-11134207-7qul1-lgz6bu3zhh9p2d
Nước Tăng Lực Sting Dâu Sleek,https://tse1.mm.bing.net/th/id/OIP.EozHQta-oMEqumaLVNArRgHaHa?pid=Api&P=0&h=180
Đậu phộng PMT,https://cdn.tgdd.vn/Products/Images/3235/146568/bhx/dau-phong-pmt-goi-250g-201912121605333036.JPG
Mì kokomi,https://down-vn.img.susercontent.com/file/vn-11134207-7r98o-lmim5z6vttjza6
Trà olong xanh hương chanh Tea plus,https://product.hstatic.net/1000246697/product/tra-o-long-tea-plus-320ml-clone-202405151646009978_e718f70b0de947bfb67d55c54596a680_master.jpg
Bánh quy Oreo Dâu Kinh Đô,https://www.lottemart.vn/media/catalog/product/cache/0x0/7/6/7622300136055-1-km.jpg.webp
Bột Giặt Aba Sạch Tinh Tươm,https://down-vn.img.susercontent.com/file/68fe861ea49a15410b70461701ab084c
Nước tăng lực Sting Sleek hương việt quất,https://cdnv2.tgdd.vn/bhx-static/bhx/Products/Images/3226/336284/bhx/loc-6-lon-nuoc-tang-luc-sting-sleek-huong-viet-quat-320ml_202505211558572615.jpg
Bộ miếng cước inox chà nồi Scotch Brite,
Bánh khoai lắc phô mai,https://dalatfarm.net/wp-content/uploads/2023/02/khoai-tay-lac-pho-mai-1.jpg
nước táo lên men somersby vị mâm xôi,https://tse1.mm.bing.net/th/id/OIP.rww_-t95hM9Zajz6HdC6sQHaHa?r=0&pid=Api&P=0&h=180
Lòng gà,https://encrypted-tbn0.gstatic.com/images?q=tbn:ANd9GcS9l874SX6oglPlRLduzprd5Ar2gD_qg-CSD-ZVvs02yg&s
Baguette,https://encrypted-tbn0.gstatic.com/images?q=tbn:ANd9GcSDC4Fbdd4FXd3qKYdQZon_qtnmyPRu2Q40BgQNaGyp-g&s
Bia Corona Extra,https://encrypted-tbn0.gstatic.com/images?q=tbn:ANd9GcRI_incHinB4o_6GC5kW_PpV3NpPaqfQ9lSA9CPqCfYuA\&s=10
N.Sparkling Zero Sugar chanh NB,https://encrypted-tbn0.gstatic.com/images?q=tbn:ANd9GcTeD1n9JPlv0kKZ-csFsgTlpT1jw_usiSiAaL5lujqFJg&s=10
ĐT tươi xay S.Hương,https://encrypted-tbn0.gstatic.com/images?q=tbn:ANd9GcSUr3OW8I5HxaYJxn2AL8EH-PL0TCyx46Pd6vogzVYl_htSlin94bsyXLA&s=10
Strongbow Berries,https://encrypted-tbn0.gstatic.com/images?q=tbn:ANd9GcSrZv_Ix2ZG24Kcrq1l9yFYJ-Pqt_JjEWd6ycWoErI__kJerMZkj1qTgjM&s=10
Cider Somersby chanh muối,https://encrypted-tbn0.gstatic.com/images?q=tbn:ANd9GcRihVBA-rWeifl5gzXjx-7VFrENdFbbCykBMb1ikQC0HA&s
Mì Siukay hải sản,https://encrypted-tbn0.gstatic.com/images?q=tbn:ANd9GcSq3AVmTeQTqiEuymUTzyvxU5YgjqD0wnIJYC6Hv8t85A\&s=10
Mì khô gà cực cay Samyang,https://encrypted-tbn0.gstatic.com/images?q=tbn:ANd9GcQ-B3Ddxk9t6Wa0l0o8EEObdNMvihiT7LgHrQi7U0vqI_kVYsDNYufsVGov&s=10
Snack khoai tây O'star kim chi HQ,https://encrypted-tbn0.gstatic.com/images?q=tbn:ANd9GcSxQeLAzhxvHwqmOXmvwPzp3lowvvfjHk2-1kQgltcPT7l5Hf5ftCJFYBw&s=10
Cần tây,https://vinmec-prod.s3.amazonaws.com/images/20201123_024130_101417_Can-Tay.max-1800x1800.jpg
Cá basa cắt khúc,https://th.bing.com/th/id/OIP.s93N7WdwZQoCVZiEolD5sgHaHa?w=183&h=183&c=7&r=0&o=7&dpr=1.3&pid=1.7&rm=3
Cá bạc má làm sạch,https://cdnv2.tgdd.vn/bhx-static/bhx/Products/Images/8782/314439/bhx/ca-bac-ma-lam-sach_202505151824132006.jpg
Thơm trái trung,https://tse2.mm.bing.net/th/id/OIP.3mB_AO_xyEYHWjeOY3CETgHaHa?r=0&rs=1&pid=ImgDetMain&o=7&rm=3
Bơ thực vật Tường An,https://tongkhogiavi.com.vn/upload/hinhanh/bo-thuc-vat-tuong-an-hu-200g7017.jpg
Bột ngũ vị hương Vianco,https://down-vn.img.susercontent.com/file/vn-11134207-7ra0g-m7vopi5ygwxy9a
Mì tươi Bò Xốt Vang Vifon,https://tse2.mm.bing.net/th/id/OIP.AU2PgTgSbRdszMnUEdDpdQHaFj?r=0&pid=Api&P=0&h=180
